,0
0,course-v1:TsinghuaX+10610204_tv+2015_T1
1,course-v1:TsinghuaX+AP000008X+sp
2,course-v1:TsinghuaX+10430484X+2016_T1
3,course-v1:RiceX+RELI157x+2017_T2
4,UC_BerkeleyX/ColWri2_1x_2015_T1/2015_T1
5,course-v1:TsinghuaX+TsinghuaMandarin01+sp
6,course-v1:TsinghuaX+AP000009X+sp
7,course-v1:TJU+TJU2016001+sp
8,course-v1:TsinghuaX+20740084X+2016_T1
9,course-v1:RiceX+BIOC372_1x+2017_T1
10,course-v1:CAU+08110140_1x+sp
11,course-v1:RiceX+BIOC372_1x+2017_T2
12,course-v1:NBCCx+NBCC000502+_sp
13,TsinghuaX/10430484X/_1_
14,course-v1:RiceX+RELI157x+2017_T1
15,course-v1:TsinghuaX+30150303X+2015_T2
16,course-v1:TsinghuaX+80515522X+2017_T2
17,AdelaideX/humbio101x/_
18,course-v1:SEU+00034237_p1+sp
19,TsinghuaX/60240013_2015X/2015_T1
20,course-v1:MITx+6_00_1x+2015_T2
21,course-v1:Stanford+SciWrite+2016_T2
22,course-v1:XJTU+ME-XMGL2013-014X+2017_T2
23,TsinghuaX/10421084_2015X/2015_T1
24,course-v1:MITx+6_00_1x+2015_T1
25,course-v1:TsinghuaX+70230063X+sp
26,course-v1:TsinghuaX+80515522X+2017_T1
27,course-v1:TsinghuaX+80511503X+sp
28,course-v1:MIT+15_390_2x+_
29,TsinghuaX/10610224X/2015_T2
30,course-v1:TsinghuaX+TsinghuaMandarin01+2016_T1
31,course-v1:TsinghuaX+10691113X+2017_T1
32,course-v1:ustcX+LB05203_a+2016_T2
33,course-v1:TsinghuaX+10691113X+2017_T2
34,course-v1:TsinghuaX+01510192X+2016_T2
35,course-v1:TsinghuaX+00612643X_p3+sp
36,course-v1:TsinghuaX+00690342X_p1+sp
37,TsinghuaX/20330334X/_
38,course-v1:TsinghuaX+THU201605X+2017_T2
39,course-v1:TsinghuaX+80512073X+2016_TS
40,course-v1:TsinghuaX+80515522X+2016_T1
41,course-v1:TsinghuaX+60240202X+2016_T1
42,course-v1:NUDT+000601502+sp
43,course-v1:TsinghuaX+80512073X+2017_T2
44,TsinghuaX/10421084X/_B_1_
45,course-v1:TsinghuaX+TSINGHUA107+sp
46,course-v1:ChongqingUX+MGMT31701X+sp
47,course-v1:TsinghuaX+80515522X+2016_T2
48,course-v1:TsinghuaX+THU201605X+2017_T1
49,TsinghuaX/THUSEM005/_
50,course-v1:TsinghuaX+30130274X+2016_T1
51,course-v1:NPUX+2016001+sp
52,TsinghuaX/10430494_2015X/2015_T1
53,course-v1:UC_BerkeleyX+ColWri2_2x+sp
54,course-v1:TsinghuaX+90640012X_p1+sp
55,course-v1:NCTU+wym+2016_T2
56,course-v1:ZUELX+B0601353+2017_T1
57,TsinghuaX/20740042X/2015_T2
58,course-v1:ZUELX+B0601353+2017_T2
59,course-v1:TsinghuaX+20740042X+sp
60,course-v1:JLUx+0000045603+sp
61,course-v1:Tsinghua+20150001+2015_T2
62,TsinghuaX/10421084_2015WV/2015_winter_vacation
63,course-v1:TsinghuaX+00690302_2+2016_T2
64,course-v1:ECNUx+BIOL0031112013+2015_T2
65,course-v1:TsinghuaX+00720091X_2015_2+2015_T2
66,course-v1:ACCA+FA2_X+sp
67,course-v1:TsinghuaX+00701032X_tv+2015_T1
68,course-v1:SDUx+sd010201402+sp
69,course-v1:TsinghuaX+00740043X+2016_T1
70,course-v1:TsinghuaX+30140393X+2016_T1
71,RiceX/BIOC372_2x/_
72,course-v1:TsinghuaX+80590952X+2016_T2
73,course-v1:HUBU+20170227X+2017_T2
74,course-v1:TsinghuaX+00040132X+sp
75,course-v1:TsinghuaX+00740123X+2016_TS
76,TsinghuaX/01030132X_2015X/2015_T2
77,course-v1:TsinghuaX+00740043_2x+2017_T1
78,course-v1:rcoe+MOOC102+2016_T1
79,course-v1:TsinghuaX+20740042X+2016_T1
80,course-v1:ChongqingUX+CHEM10000X+sp
81,course-v1:TsinghuaX+10610224X_p1+sp
82,course-v1:TsinghuaX+70150023X_2015_T2+2015_T2
83,course-v1:HIT+GH47100100+2016_T2
84,TsinghuaX/00720091X/_
85,course-v1:TsinghuaX+80000822X+2016_TS
86,course-v1:xuetangx+credittest1+2017_T1
87,course-v1:CHD+24123150+_
88,course-v1:TsinghuaX+40040152X+sp
89,course-v1:HIT+GH47100100+2016_T1
90,course-v1:TsinghuaX+10421084X_2015_2+sp
91,course-v1:TsinghuaX+THU201607+sp
92,TsinghuaX/THUSEM007/_
93,course-v1:HIT+GO90801500+2016-T2
94,course-v1:TsinghuaX+AP000002X+2016T2
95,course-v1:TsinghuaX+20440333_2015X+sp
96,TsinghuaX/70120073X/_
97,course-v1:TsinghuaX+61030031X+2016_T2
98,course-v1:TsinghuaX+34000888X_p1+sp
99,course-v1:HIT+GH47100100+2017_T1
100,course-v1:TsinghuaX+00740123X+2017_T1
101,course-v1:TsinghuaX+30040323X+2016_T1
102,UC_BerkeleyX/ColWri2_3x/2014_T2
103,TsinghuaX/10800032X/_
104,course-v1:CYCU+cycusheji+2017_T2
105,course-v1:RUCX+AP000010X+2017_T1
106,course-v1:TsinghuaX+20140064X+2016_T1
107,course-v1:JLUx+gx01640603_103138_1_tv+2015_T1
108,course-v1:NTHU+MOOC_04_001+2015_T2
109,course-v1:TsinghuaX+40670453X+sp
110,course-v1:NTHU+MOOC_00_006+sp
111,course-v1:CYCU+cycusheji+2017_T1
112,course-v1:RiceX+RELI157x+2016T2
113,course-v1:HIT+GH47100100+2017_T2
114,course-v1:TsinghuaX+00740123X+2017_T2
115,course-v1:TsinghuaX+10610193X+2017_T1
116,course-v1:HIT+13SC20301820+sp
117,course-v1:TsinghuaX+10610183X_2015_T2+2015_T2
118,course-v1:Tsinghuax+10421065X_2015_T2+2015_T2
119,course-v1:RiceX+AdvBIO_2x+sp
120,course-v1:TsinghuaX+10610193X+2017_T2
121,course-v1:TsinghuaX+THU201605X+2016_T1
122,UC_BerkeleyX/CS169_1x_1/2014_T1
123,course-v1:RiceX+BIOC372_1x+2016_T2
124,course-v1:HIT+GO90801500+2016_TS
125,course-v1:TsinghuaX+70250023X_2015_2+2015_T2
126,course-v1:TNUA+AO35003+_
127,course-v1:TsinghuaX+THU201605X+2016_T2
128,course-v1:RiceX+BIOC372_2x+2016_T2
129,TsinghuaX/20250103X/2015_T2
130,course-v1:RiceX+AdvBIO_2x+2015_T2
131,TsinghuaX/80511503X/2015_T2
132,course-v1:TsinghuaX+00740113_1X+sp
133,course-v1:ACCA+FA1-MA1_X+2016_T2
134,TsinghuaX/30640014X/2014_T2
135,course-v1:NUDT+000601502+_
136,course-v1:RiceX+AdvENVSCI_1x+sp
137,course-v1:TsinghuaX+00740043X+2016_TS
138,course-v1:TsinghuaX+40130653X+sp
139,course-v1:Stanfordx+SciWrite+2017_T2
140,course-v1:TsinghuaX+20220214X+2017_T2
141,course-v1:TsinghuaX+10610183_2X+2017_T2
142,course-v1:Stanfordx+SciWrite+2017_T1
143,course-v1:TsinghuaX+20220214X+2017_T1
144,course-v1:HNU+HNU001_tv+2015_T1
145,course-v1:TsinghuaX+10610183_2X+2017_T1
146,course-v1:TsinghuaX+00690242+sp
147,course-v1:rcoe+MOOC102+2016_TS
148,course-v1:ustcX+LB05203a+2016_T1
149,course-v1:TsinghuaX+MOOC101+2016_T1
150,TsinghuaX/10450034_1X/2015_T2
151,course-v1:AdelaideX+Wine101x+2017_T2
152,course-v1:ZUELX+B0800280+2017_T2
153,course-v1:XJTU+COMP200853+sp
154,course-v1:RiceX+RELI157x+sp
155,course-v1:NBCCx+NBCC000301+_SP
156,course-v1:MITx+15_671x+2017_T2
157,course-v1:UQx+Crime101x+_
158,course-v1:TsinghuaX+MOOC101+2016_T2
159,TsinghuaX/34000312X/2015_T2
160,course-v1:TsinghuaX+80000822X+2016_T1
161,course-v1:TsinghuaX+30805743+2017_T2
162,course-v1:ustcX+LB05203_a+sp
163,course-v1:TsinghuaX+30805743+2017_T1
164,course-v1:TsinghuaX+00310222X+2016_T1
165,course-v1:TsinghuaX+10610193X+2016_T2
166,course-v1:nix+a003+2017_T1
167,course-v1:TsinghuaX+30130274X+2017_T1
168,course-v1:TsinghuaX+00720091X_p3+sp
169,course-v1:ustcX+LB05203_a+2017_T1
170,course-v1:TsinghuaX+40250074X+sp
171,course-v1:CIE+CIE2016004+sp
172,course-v1:TsinghuaX+30260112X+sp
173,course-v1:TsinghuaX+80515182X+2017_T2
174,course-v1:ustcX+LB05203_a+2017_T2
175,course-v1:TsinghuaX+10610193X+2016_T1
176,course-v1:RiceX+AdvBIO_4x+sp
177,TsinghuaX/30700313_2015X/2015_T1
178,course-v1:TsinghuaX+02090091X+2017_T1
179,course-v1:TsinghuaX+20320074X+2017_T2
180,course-v1:test+test+test
181,course-v1:TsinghuaX+00460032X+_
182,course-v1:TsinghuaX+70800232X+2016-T2
183,course-v1:TsinghuaX+20430064X+2016_T1
184,course-v1:TsinghuaX+20220214X+2016_T1
185,JLUx/0000045603/2015_T1
186,course-v1:TsinghuaX+THESIS2014_1X_tv+_2014_
187,course-v1:TsinghuaX+00510133X+sp
188,TsinghuaX/00612642X/_
189,course-v1:TsinghuaX+20220214X+2016_T2
190,course-v1:TsinghuaX+02090091X+2017_T2
191,course-v1:TsinghuaX+20320074X+2017_T1
192,course-v1:TsinghuaX+00690212X-2_p1+sp
193,course-v1:RiceX+BIOC372_2x+2017_T1
194,course-v1:TsinghuaX+02090091X_p8+sp
195,course-v1:TsinghuaX+10430575X+2016_T2
196,course-v1:SJU+2017011101X+2017_T1
197,course-v1:UQx+Write101_x+2015_T2
198,TsinghuaX/00720091_2015X/2015_T1
199,course-v1:TsinghuaX+20220053X_2015_T2+sp
200,course-v1:TsinghuaX+MOOC102+2015_T2
201,course-v1:TsinghuaX+40260173X+2016_T1
202,course-v1:UESTC+2017071301X+sp
203,course-v1:TsinghuaX+20330334X+2016_T1
204,course-v1:RiceX+BIOC372_2x+2017_T2
205,course-v1:TsinghuaX+30670043X+2016_T
206,course-v1:TsinghuaX+00690342X+2016_TS
207,course-v1:BJUT+2140074001x+sp
208,course-v1:UQx+TROPIC101x+sp
209,TsinghuaX/THU00013X/_
210,course-v1:NCTU+nctucmpsd+sp
211,course-v1:TsinghuaX+00690302_1+sp
212,course-v1:TsinghuaX+30670043X+2016_T2
213,course-v1:TsinghuaX+30240184_2X+sp
214,course-v1:TsinghuaX+00690863X_p3+sp
215,course-v1:HEBNU+2017011901X+2017_T1
216,course-v1:SDUx+sd010201402+2015_T2
217,course-v1:NJUST+NJUST2017001+2017_T1
218,course-v1:SwufeX+2017041702X+sp
219,course-v1:TsinghuaX+10691113X+2016_T2
220,course-v1:NTHU+MOOC_02_002+2017_T1
221,course-v1:TsinghuaX+00690242X_2015_2+2015_T2
222,course-v1:TsinghuaX+20240103X+2016_T1
223,TsinghuaX/00680082X/2016_T1
224,course-v1:NJUST+NJUST2017001+2017_T4
225,course-v1:SDUx+sd010201401+2017_T1
226,TsinghuaX/10421084_2X/2014_T2
227,YunTech/YunTech001/2015_T1
228,course-v1:TsinghuaX+30670043X+sp
229,course-v1:SDUx+sd010201401+2016_T1
230,course-v1:TsinghuaX+00310222X+2016_TS
231,UC_BerkeleyX/ColWri2_2x_2015_T1/2015_T1
232,course-v1:BUPT+3412113011+2017_T2
233,course-v1:TsinghuaX+10430494X_2015_2+2015_T2
234,course-v1:TsinghuaX+30640014_2015sX+2015_T2
235,course-v1:BUPT+3412113011+2017_T1
236,course-v1:SEU+00034237_p3+sp
237,TsinghuaX/20740084X/2015_T2
238,course-v1:SCU+00011142_p1+sp
239,course-v1:DYU+dyuwgzbbm+2017_T2
240,course-v1:HHX+75099102+SP
241,TsinghuaX/40260173X/2015_T2
242,course-v1:TsinghuaX+10421094X_2015_2+sp
243,XJTU/BIOL3028/2014_T2
244,course-v1:TsinghuaX+60240202X_p3+sp
245,course-v1:TsinghuaX+30230931X+2016_T1
246,course-v1:DYU+dyuwgzbbm+2017_T1
247,course-v1:TsinghuaX+AP000004X+sp
248,course-v1:TsinghuaX+00690092X_2015_T2+2015_T2
249,course-v1:TsinghuaX+00740123_X+sp
250,course-v1:UC_BerkeleyX+ColWri2_1x+sp
251,course-v1:TsinghuaX+00690092X+2016_T2
252,course-v1:BUPT+3412113011+2016_T1
253,course-v1:TsinghuaX+00690092X+2016_T1
254,course-v1:TsinghuaX+10421145X+2016_T1
255,course-v1:TsinghuaX+30140393X_tv+2015_T1
256,course-v1:CAU+08110140_tv+2015_T1
257,RiceX/Phys102x/_
258,course-v1:BIT+PHY1701701+2016_T1
259,course-v1:TsinghuaX+AP000000X+sp
260,course-v1:TsinghuaX+10421075X_2015_2+sp
261,course-v1:TsinghuaX+00720091X+2016_T2
262,course-v1:TsinghuaX+10610183X_tv+2016_T1
263,TsinghuaX/10421094X/_1_
264,course-v1:TsinghuaX+THUSEM007+sp
265,course-v1:TsinghuaX+80515522X+2016_TS
266,course-v1:TsinghuaX+80140242X+2016_T2
267,CAU/08112500x/2015_T2
268,course-v1:HUST+603+sp
269,course-v1:TsinghuaX+00720091X+2016_T1
270,course-v1:AdelaideX+humbio101-x+2017_T1
271,course-v1:TsinghuaX+20150001+2017_T1
272,course-v1:TsinghuaX+00690863X+2017_T1
273,course-v1:TsinghuaX+00690863X+2017_T2
274,course-v1:TsinghuaX+20150001+2017_T2
275,course-v1:AdelaideX+humbio101-x+2017_T2
276,course-v1:TsinghuaX+30240332+2016_T2
277,TsinghuaX/20440333_2015X/2015_T1
278,TsinghuaX/THESIS2014_1X/_2014_
279,course-v1:TsinghuaX+80590952X_p3+sp
280,course-v1:MITx+15_390x_2016T1+2016_T1
281,course-v1:TsinghuaX+20140064_2X+2017_T1
282,course-v1:MITx+15_390x_2016T1+2016_T2
283,course-v1:TsinghuaX+00612642X_p5+sp
284,course-v1:HIT+13SD33000721+sp2
285,course-v1:CIE+CIE2017008+2017_T2
286,course-v1:ACCA+FA1_X+sp
287,course-v1:NJU+010101+2016_T1
288,course-v1:TsinghuaX+TsinghuaMandarin01+2017_T2
289,course-v1:TsinghuaX+80512073X+sp
290,course-v1:TsinghuaX+00690302_1+2017_T1_1
291,course-v1:CIE+CIE2017008+2017_T1
292,MITx/6_002x/_Circuits_and_Electronics_
293,course-v1:TsinghuaX+00690242X_p2+sp
294,course-v1:TsinghuaX+80590952X+2016_TS
295,course-v1:TsinghuaX+20740042X+2017_T1
296,course-v1:NUDT+125205501+2017_T2
297,course-v1:TsinghuaX+10800163X+2017_T2
298,course-v1:TsinghuaX+10800163X+2017_T1
299,course-v1:TsinghuaX+20740042X+2017_T2
300,course-v1:BerkeleyX+CS169_1x+2016_T2
301,course-v1:TsinghuaX+30320174X+2016_T1
302,TsinghuaX/70120073_2015X/2015_T1
303,course-v1:HnfireX+FS001+2016_T2
304,course-v1:NTHU+MOOC_00_005+sp
305,course-v1:HIT+13SD25000700+sp
306,UQx/TROPIC101x/_
307,TsinghuaX/00690242_1X_2014/2014_T2
308,course-v1:ZUEL+B0680090_2015_T2+sp
309,TsinghuaX/00701032X/2015_T1
310,course-v1:JinanX+2017031003X+2017_T2
311,course-v1:BSU+BSU001+sp
312,course-v1:TsinghuaX+20740042X+2016-T2
313,course-v1:JLUx+0000045603+SP
314,course-v1:TsinghuaX+10610193X+2015_T3
315,course-v1:TsinghuaX+30640014+2016_T2
316,TsinghuaX/80150193X/2015_T2
317,course-v1:HUST+603+_
318,course-v1:TsinghuaX+34000312X+2017_T2
319,course-v1:TsinghuaX+00690092X+2017_T1
320,TsinghuaX/THUSEM002/_
321,course-v1:HUBU+HU08002X+sp
322,course-v1:TsinghuaX+40260173_X+sp
323,course-v1:TsinghuaX+00690092X+2017_T2
324,course-v1:HIT+GO94500200+sp
325,TsinghuaX/20220214_2015X/2015_T1
326,course-v1:Amazon+20170526X+2017_sp
327,course-v1:TsinghuaX+00680142X+2016_T2
328,course-v1:JNUX+jnu2017001X+2017_T2
329,course-v1:TsinghuaX+10421084X+2016_T2
330,course-v1:TsinghuaX+30640014+2015_T2
331,course-v1:NBCC+NBCC000001+_sp
332,course-v1:TsinghuaX+20440333X+2016_T1
333,TsinghuaX/AP000003X/2015_T1
334,course-v1:TsinghuaX+10610193X_tv+2015_T1
335,course-v1:JNUX+jnu2017001X+2017_T1
336,course-v1:TsinghuaX+10421084X+2016_T1
337,course-v1:TsinghuaX+20440333X+2016_T2
338,course-v1:HUBU+20170619001+sp
339,course-v1:TsinghuaX+30806872X+sp
340,course-v1:TsinghuaX+00680142X+2016_T1
341,TsinghuaX/00690342X/2015_T1
342,course-v1:MicrosoftX+Microsoft102+sp
343,course-v1:TsinghuaX+34100325X+sp
344,course-v1:TsinghuaX+81020142X+sp
345,course-v1:TsinghuaX+40130753+2016_T2
346,course-v1:TsinghuaX+00690342X_p2+sp
347,course-v1:TsinghuaX+70240183X+2017_T1
348,course-v1:UQx+Write101_x+2016_T2
349,TsinghuaX/00740113X/2015_T2
350,course-v1:ACCA+FA2_X+2017_T1
351,course-v1:TsinghuaX+00690242X_p1+sp
352,course-v1:ACCA+FA2_X+2017_T2
353,course-v1:TsinghuaX+30700313X_p3+sp
354,course-v1:ECUSTX+2017011101X+sp
355,course-v1:TsinghuaX+40670453X_p4+sp
356,TsinghuaX/80000901X/2014_T2
357,course-v1:TsinghuaX+00612643X_p1+sp
358,course-v1:JNUX+07009156X+2017_T1
359,course-v1:Stanford+GlobeHealth+2016_T1
360,course-v1:TsinghuaX+80000901X_p5+sp
361,course-v1:TsinghuaX+10800032X_2015_2+2015_T2
362,course-v1:TsinghuaX+AP000001X+2017T1
363,course-v1:JNUX+07009156X+2017_T2
364,course-v1:UC_BerkeleyX+CS_184_1x+2015_T1
365,course-v1:FUDANx+ECON130007_01+2016_T1
366,TsinghuaX/30240243X/2015_T1
367,TsinghuaX/30140393_2015X/2015_T1
368,course-v1:FudanX+SOSC120007+2017_T1
369,course-v1:TsinghuaX+00990021X+sp
370,TsinghuaX/10421145_2015X/2015_T1
371,course-v1:BNU+2017001+2017_T1
372,course-v1:TsinghuaX+70167012_tv+2015_T1
373,course-v1:FUDANx+ECON130007_01+2016_T2
374,course-v1:TsinghuaX+00612643X+2016_T2
375,course-v1:TsinghuaX+01030132X_p1+sp
376,course-v1:FUDANx+SOSC120007_P1+sp
377,course-v1:TsinghuaX+30670043X+2017_T2
378,course-v1:UQx+Write101_x+sp
379,course-v1:TsinghuaX+THU00013X+2017_T2
380,course-v1:TsinghuaX+THU00013X+2017_T1
381,course-v1:TsinghuaX+30670043X+2017_T1
382,course-v1:HIT+13SD33000721+2016_TS
383,TsinghuaX/80512073_2015X/2015_T1
384,course-v1:UST+9000603153+sp
385,course-v1:TsinghuaX+20140064_2X+2016_T1
386,course-v1:TsinghuaX+20350033X+sp
387,course-v1:ZUEL+B0680090_tv+2015_T1
388,course-v1:TsinghuaX+40130753+SP
389,course-v1:NTHU+QF32110+sp
390,course-v1:TsinghuaX+30640014X+2017_T2
391,course-v1:TsinghuaX+00690212X+2017_T2
392,course-v1:TsinghuaX+00680142X+2016_TS
393,course-v1:TsinghuaX+00690212X+2016_TS
394,course-v1:SWU+2017070501X+sp
395,course-v1:ZUEL+B0680090_2015_T2+2015_T2
396,course-v1:TsinghuaX+40670453X_tv+2015_T1
397,course-v1:TsinghuaX+30640014X+2017_T1
398,course-v1:TsinghuaX+00690212X+2017_T1
399,TsinghuaX/30240233X/2015_T1
400,course-v1:TsinghuaX+40050455_2X+sp
401,course-v1:HIT+13SC20301820+2016_T1
402,course-v1:TsinghuaX+20250064_1X_tv+2015_T1
403,course-v1:CQUX+SE31107X+sp
404,course-v1:HITx+13SC03100710_2x+sp
405,course-v1:TsinghuaX+AP000005X+sp
406,course-v1:TsinghuaX+MOOC101+2017_TS
407,course-v1:MIL+MIL2016001+sp
408,course-v1:UST+UST001+_
409,course-v1:BLCUX+3010700103+sp
410,TsinghuaX/THUSEM009/_
411,DavidsonX/001x/2014_T2
412,course-v1:TsinghuaX+30640014X-p2+sp
413,course-v1:TsinghuaX+90640012X_p4+sp
414,course-v1:TsinghuaX+10421102X+2016_T1
415,course-v1:SEU+00034237+sp
416,course-v1:CIE+CIE2016005_+2017_T2
417,course-v1:UQx+Write101_x+2017_T1
418,course-v1:TsinghuaX+01030132X_p2+sp
419,course-v1:TsinghuaX+00990021X+2015_T2
420,course-v1:UQx+Write101_x+2017_T2
421,course-v1:xuetangx+credittest5+2016_T2
422,course-v1:TsinghuaX+64100033X+2016_TS
423,course-v1:TsinghuaX+70340063X+2016_T2
424,course-v1:TsinghuaX+L061101X+2017_T2
425,course-v1:TsinghuaX+30806872X+2017_T2
426,course-v1:TsinghuaX+34000312X+2016_T1
427,course-v1:TsinghuaX+10421075X+2017_T1
428,course-v1:TsinghuaX+10421075X+2017_T2
429,course-v1:TsinghuaX+01030132X_tv+2015_T1
430,course-v1:TsinghuaX+THUSEM002+sp
431,course-v1:TsinghuaX+30240532X+2017_T2
432,course-v1:TsinghuaX+30806872X+2017_T1
433,course-v1:TsinghuaX+30240233X_tv+2015_T1
434,course-v1:TsinghuaX+30240184+sp
435,course-v1:TsinghuaX+80240372X+sp
436,course-v1:TsinghuaX+10421084X+2017_T2
437,course-v1:TsinghuaX+30640014_tv+2015_T1
438,course-v1:TsinghuaX+20220332X_p1+sp
439,TsinghuaX/70250023_2015X/2015_T1
440,course-v1:TsinghuaX+30803273X+2017_T2
441,course-v1:ACCA+MA2_X+sp
442,course-v1:TCU+tzucnshan+2017_T2
443,TsinghuaX/30240184_2015X/2015_T1
444,course-v1:TCU+tzucnshan+2017_T1
445,course-v1:McGillX+Chem181x+2015_T1
446,course-v1:TsinghuaX+THUSEM001+sp
447,course-v1:HIT+13SD08000500+_
448,course-v1:Stanford+SciWrite+_
449,course-v1:TsinghuaX+00612642X_p4+sp
450,course-v1:NTHU+CS01026+2017_T2
451,course-v1:CIE+CIE2016006+sp
452,TsinghuaX/20250064X/_
453,course-v1:TsinghuaX+40050455X+sp
454,course-v1:JinanX+2017031002X+2017_T1
455,course-v1:xuetangx+credittest4+2017_T1
456,course-v1:TsinghuaX+01030132X+2016_T2
457,course-v1:TsinghuaX+THU201605X+sp
458,UC_BerkeleyX/ColWri2_1x/2014_T2
459,course-v1:FudanX+ECON13000701+sp
460,course-v1:TsinghuaX+00612642+2015_T1
461,course-v1:McGillX+ATOC185x+2015_T1
462,course-v1:TsinghuaX+00690212X+2016_T1
463,course-v1:TsinghuaX+80000901X_2+sp
464,course-v1:HIT+13SC20301820+2017_T2
465,course-v1:TsinghuaX+00740043_2X+2016_T1
466,course-v1:HnfireX+FS001+2017_T2
467,course-v1:UOH+75099102+2017_T2
468,course-v1:RiceX+AdvENVSCI_4x+sp
469,course-v1:ustcX+LB05203a+2015_T2
470,course-v1:TsinghuaX+10430896X+sp
471,course-v1:HUBU+2017022701X+sp
472,course-v1:SCU+00011142+sp
473,course-v1:UC_BerkeleyX+ColWri2_3x_2015_T1+2017_T2
474,course-v1:SEU+00034237_p2+sp
475,course-v1:TsinghuaX+00720091X+sp
476,HITx/GO90300700/2014_T2
477,course-v1:UC_BerkeleyX+ColWri2_3x_2015_T1+2017_T1
478,course-v1:MITx+15_390x_2016T1+2016_TS
479,course-v1:TsinghuaX+00740043_2x_2015_T2+2015_T2
480,course-v1:TsinghuaX+80000901X+2016_T1
481,course-v1:TsinghuaX+00720091X+2017_T1
482,course-v1:TsinghuaX+34100325_X+sp
483,course-v1:TsinghuaX+70660542X+sp
484,course-v1:TsinghuaX+40260092X+sp
485,course-v1:NCTU+wghx+2016_T2
486,course-v1:TsinghuaX+80000901X+2016_T2
487,course-v1:TsinghuaX+10421084X+2017-T1
488,course-v1:TsinghuaX+00720091X+2017_T2
489,course-v1:ustcX+LB05203a+sp
490,course-v1:TsinghuaX+64100033X+SP
491,course-v1:TsinghuaX+00691153X+2016_T2
492,course-v1:FudanX+ECON13000701+2017_T2
493,course-v1:TsinghuaX+10800163X+sp
494,course-v1:TsinghuaX+00612643X+2017_T2
495,course-v1:TsinghuaX+70250023X+2016_T1
496,course-v1:TsinghuaX+80000901X+2016-T2
497,course-v1:TsinghuaX+10430484X_2015_2+sp
498,course-v1:TsinghuaX+20430064_2X+2016_T1
499,TsinghuaX/80512073_2014_2X/2014_T2
500,TsinghuaX/30140393X/_
501,course-v1:TsinghuaX+00691153X+2016_T1
502,course-v1:FudanX+ECON13000701+2017_T1
503,course-v1:TsinghuaX+10610224X+sp
504,course-v1:TsinghuaX+00612643X+2017_T1
505,course-v1:NTHU+MOOC_02_002_tv+2015_T1
506,course-v1:TsinghuaX+00510888X_2015_T2+2015_T2
507,course-v1:USTC+USTC2006001+sp
508,MITx/15_390x_2015_T1/2015_T1
509,course-v1:Tsinghuax+10421065X_2015_T2+sp
510,course-v1:TsinghuaX+80611322X+2016_T2
511,course-v1:YunTech+YunTech001+sp
512,course-v1:TsinghuaX+AP000004X+2016-2
513,course-v1:NTHU+CS01026+2016_T2
514,course-v1:TsinghuaX+01030132X+2017_T2
515,course-v1:MITx+15_390x+sp
516,course-v1:TsinghuaX+00310222X+sp
517,course-v1:xuetangx+credittest3+2017_T1
518,course-v1:TsinghuaX+00740113X_tv+2015_T1
519,course-v1:TsinghuaX+30240532X+2016_T1
520,course-v1:TsinghuaX+00740043_1x+2017_T2
521,TsinghuaX/80000901_2015X/2015_T1
522,course-v1:edX+BlendedX+sp
523,course-v1:xuetangx+credittest6+2016_T2
524,TsinghuaX/70167012X/_
525,course-v1:TsinghuaX+00740043_1x+2017_T1
526,course-v1:MicrosoftX+Microsoft101+_
527,TsinghuaX/80512073_2015WV/2015_winter_vacation
528,TsinghuaX/30320174X/2015_T2
529,course-v1:TsinghuaX+80140242+sp
530,course-v1:TsinghuaX+30806872X+2016_T1
531,course-v1:TsinghuaX+80611322X+2017_T2
532,course-v1:TsinghuaX+00804723X_p1+sp
533,course-v1:TsinghuaX+80611322X+2017_T1
534,course-v1:NUDT+2017032102+2017_T1
535,course-v1:TsinghuaX+30260112X+2016_T1
536,course-v1:TsinghuaX+70800232X+sp
537,course-v1:TsinghuaX+02070251X+2017_T1
538,course-v1:BJUT+2140074001x+_
539,course-v1:CIE+JD_2017+2017_T2
540,TsinghuaX/00720091_2014s_X/_
541,course-v1:TsinghuaX+AP000001X+2016_T2
542,course-v1:CIE+JD_2017+2017_T1
543,course-v1:NTNU+GE10402+2015_T2
544,course-v1:TsinghuaX+00701032X+sp
545,course-v1:TsinghuaX+30700313X_2015_2+2015_T2
546,course-v1:TsinghuaX+AP000001X+2016_T1
547,course-v1:BLCUX+3270503103+sp
548,course-v1:TsinghuaX+02070251X+2017_T2
549,course-v1:TsinghuaX+02090091X_p1+sp
550,course-v1:Tsinghua+20150001+sp
551,course-v1:HIT+13GH16000700+2016_TS
552,TsinghuaX/60510102X/_
553,course-v1:NUDT+082501502+2016_2
554,course-v1:TsinghuaX+60510102X+2017_T2
555,course-v1:TsinghuaX+30240184X+sp
556,course-v1:TsinghuaX+60510102X+2017_T1
557,course-v1:TsinghuaX+00740113_2X+sp
558,RiceX/AdvBIO_1x/_
559,course-v1:TNUA+AN35006+2017_T2
560,TsinghuaX/00740043_2X/2015_T1
561,course-v1:TsinghuaX+30240184_p2+sp
562,course-v1:TsinghuaX+10610224X+2016-T2
563,course-v1:NU+14051301+2017_T2
564,course-v1:TsinghuaX+60510102X+2016_TS
565,course-v1:AdelaideX+Wine101x+2015_T1
566,course-v1:PekingX+Peking001x+_
567,course-v1:UST+9000603153+2017_T2
568,course-v1:TsinghuaX+10430494X_2015_2+sp
569,course-v1:TsinghuaX+30640014X+2016_T1
570,course-v1:TsinghuaX+20220214X+sp
571,course-v1:SEU+00034237+2017_T2
572,course-v1:TsinghuaX+00680142X+2017_T1
573,course-v1:MITx+15_390x_2017T1+2017_T2
574,course-v1:PU+OL32004+2015_T2
575,course-v1:TsinghuaX+30806872X+2016-T2
576,course-v1:TsinghuaX+30140393X+sp
577,course-v1:TsinghuaX+10690012+2017_T2
578,course-v1:TsinghuaX+10421075X+2016-T2
579,course-v1:TsinghuaX+30640014X+2016_T2
580,course-v1:SEU+00034237+2017_T1
581,course-v1:TsinghuaX+00680142X+2017_T2
582,course-v1:MITx+15_390x_2017T1+2017_T1
583,course-v1:TsinghuaX+40040152X+2016_T1
584,course-v1:SWUFEX+2017041701X+sp
585,TsinghuaX/20440333X/_
586,course-v1:TNUA+AN35006+2016_T2
587,course-v1:FUDANx+ECON130007_01_P1+sp
588,course-v1:TsinghuaX+70120073X+2016_T1
589,course-v1:PU+OL32004+2016_T1
590,course-v1:TsinghuaX+30803273X+2016_T2
591,course-v1:NBCC+NBCC2017001+sp
592,course-v1:TsinghuaX+60240202X_p2+sp
593,course-v1:TsinghuaX+70150023X+sp
594,course-v1:TsinghuaX+THUSEM011+_
595,course-v1:HUBU+HU08002X+2017_T2
596,course-v1:TsinghuaX+10421075X_2015_2+2015_T2
597,course-v1:MITx+2_03x+2016_T2
598,TsinghuaX/30700313X/_
599,course-v1:ustcX+USTC001+2017_T2
600,course-v1:TsinghuaX+10620204X+2017_T1
601,course-v1:TsinghuaX+30240184_2X+2016_T1
602,course-v1:TsinghuaX+80511503X+2017_T2
603,course-v1:TsinghuaX+80511503X+2017_T1
604,course-v1:HIT+13GH16000700+2016-T2
605,course-v1:TsinghuaX+10620204X+2017_T2
606,course-v1:ustcX+USTC001+2017_T1
607,course-v1:HUBU+2017022702X+2017_T2
608,TsinghuaX/20220332_1X/_
609,course-v1:MITx+15_671x+2016_TS
610,course-v1:HIT+13SD33000721+2016_T1
611,course-v1:TsinghuaX+00510493X+2017_T2
612,course-v1:TsinghuaX+10430484X_2015_2+2017_T2
613,course-v1:TsinghuaX+30350161X_2015_T2+2015_T2
614,course-v1:TsinghuaX+80000901X_p4+sp
615,TsinghuaX/AP000004X/2015_T2
616,SDUx/00931800/2015_T1
617,course-v1:TsinghuaX+30805743+sp
618,course-v1:TsinghuaX+30320174X+sp
619,course-v1:TsinghuaX+AP000004X+2017T1
620,course-v1:NUDT+125205501+_
621,course-v1:NCTU+wghx+2017_T1
622,course-v1:TsinghuaX+02070251X+2016_T2
623,WellesleyX/ANTH207x/_
624,course-v1:TsinghuaX+00690302_2+2017_T2_2
625,course-v1:TsinghuaX+40990255X_1+2016_T22
626,TsinghuaX/60240013_2014X/2014_T2
627,TsinghuaX/00690242_2X/_
628,course-v1:TsinghuaX+THU00013X+sp
629,course-v1:TsinghuaX+00690212X_p2+sp
630,course-v1:TsinghuaX+60510102X+2016_T1
631,course-v1:TsinghuaX+TSINGHUA107+2016-T2
632,course-v1:TsinghuaX+60510102X+2016_T2
633,course-v1:TsinghuaX+JRFX01_E+sp
634,course-v1:CLE+CLE2017004+2017_T1
635,JLUx/gx01640603_103138_1/2015_T1
636,course-v1:TsinghuaX+AP000003X+sp
637,course-v1:TsinghuaX+30240184.2x+3T2016
638,course-v1:SC46002+CSU+2015_T2
639,course-v1:TJU+2010241X+2016_T2
640,course-v1:TsinghuaX+THUSEM006+sp
641,course-v1:TsinghuaX+10620204X+2016_T2
642,course-v1:TsinghuaX+30640014X-p4+sp
643,course-v1:TsinghuaX+80000901X_1+2017_T1
644,course-v1:UQx+Crime101x+2017_T2
645,TsinghuaX/80000901_2X/_
646,course-v1:TsinghuaX+80000901X_1+2017_T2
647,course-v1:TsinghuaX+30640014X-p5+sp
648,course-v1:TsinghuaX+00680082_1X+2017_T2
649,course-v1:UC_BerkeleyX+ColWri2_3x_2015_T1+2016_T2
650,course-v1:TsinghuaX+10620204X+2016_T1
651,TsinghuaX/40050455_2015X/2015_T1
652,course-v1:NGO20X+USTC2016002+2016_T2
653,course-v1:TsinghuaX+10610224X+2015_T3
654,TsinghuaX/THUSEM004/_
655,course-v1:TsinghuaX+10610204X_2015_2+2015_T2
656,course-v1:McGillX+Chem181x+2016_T2
657,course-v1:TsinghuaX+10800032X+2017_T2
658,course-v1:TsinghuaX+30040323X_tv+2015_T1
659,course-v1:ECNUx+BIOL0031112013+sp
660,course-v1:TsinghuaX+10421075X+2016_T1
661,course-v1:ChongqingUX+2017041803X+sp
662,course-v1:TsinghuaX+02090091X_p5+sp
663,course-v1:SDUx+sd010201402+2016_T1
664,course-v1:TsinghuaX+10800032X+2017_T1
665,course-v1:TsinghuaX+00691153X+2017_T1
666,course-v1:ZZUX+2017041801X+sp
667,course-v1:ZUEL+B0680090+2017_T2
668,course-v1:BSU+BSU001+2015_T2
669,course-v1:TsinghuaX+40670453X_p3+sp
670,course-v1:TsinghuaX+64100033X+2016_2
671,course-v1:TsinghuaX+30240233X+2016_T1
672,course-v1:MITx+15_671x+sp
673,course-v1:HIT+HIT2016001_p1+sp
674,course-v1:TsinghuaX+00612642X+sp
675,course-v1:TsinghuaX+80512073X_2015_2+2015_T2
676,course-v1:TsinghuaX+30240184_2X+2016_TS
677,course-v1:ZUEL+B0680090+2017_T1
678,course-v1:TsinghuaX+00691153X+2017_T2
679,course-v1:SCU+00011142+2017_T2
680,course-v1:TsinghuaX+00690863X_p4+sp
681,course-v1:TsinghuaX+01030132X+2016_TS
682,course-v1:TsinghuaX+30240184+2015_T2
683,course-v1:SCU+00011142+2017_T1
684,TsinghuaX/30240184_1X/_
685,course-v1:TsinghuaX+MOOC102+sp
686,course-v1:NUDT+520804502+sp
687,course-v1:TsinghuaX+00612642X_p6+sp
688,course-v1:SDUx+00931800X+2017_T2
689,course-v1:TsinghuaX+20250064X+sp
690,course-v1:MITx+15_671x+2015_T2
691,course-v1:HUBU+2017022703X+2017_T2
692,course-v1:Tsinghua+CS202+2016T3
693,course-v1:TsinghuaX+90640012X+sp
694,course-v1:TsinghuaX+00690863X+2016_TS
695,course-v1:SEU+00690803+2016_T2
696,course-v1:TsinghuaX+THU00001X+2017_T1
697,course-v1:TsinghuaX+20120143X_2015_T2+2015_T2
698,TsinghuaX/60240013X/_
699,course-v1:TsinghuaX+THU00001X+2017_T2
700,course-v1:TsinghuaX+AP000001X+2017-T0
701,MITx/6_041x/2014_T2
702,course-v1:SEU+00690803+2016_T1
703,course-v1:TsinghuaX+20430064X+sp
704,course-v1:TsinghuaX+40050455X_tv+2015_T1
705,course-v1:TsinghuaX+80000901X_1+sp
706,course-v1:TsinghuaX+70150023X+2016_T1
707,course-v1:CAU+08112500x+2016_T1
708,course-v1:ZUEL+B0680090+sp
709,course-v1:NTHU+MOOC_01_004+sp
710,course-v1:HIT+13GH16000700+2016-5-3
711,course-v1:TsinghuaX+20140064X+sp
712,course-v1:SEU+00690803+2017_T1
713,course-v1:TsinghuaX+00612642X_p3+sp
714,course-v1:HIT+HIT2016001+sp
715,TsinghuaX/THUSEM001/_
716,UQx/Think101x/_
717,TsinghuaX/MOOC101_2014/2014_T2
718,course-v1:SEU+00690803+2017_T2
719,course-v1:TsinghuaX+80000822X+sp
720,course-v1:NBCCx+NBCC050101+_sp
721,course-v1:TsinghuaX+00670122X+2016-T2
722,course-v1:TsinghuaX+10800032X+2016_T1
723,course-v1:NU+14051301+_
724,course-v1:TsinghuaX+34100325X+2016_T1
725,course-v1:TsinghuaX+20250103X+2016--T2
726,course-v1:TsinghuaX+00680082_1X+2016_T2
727,course-v1:TsinghuaX+THU00022X_tv+2017_T2
728,TsinghuaX/00691153_2015X/2015_T2
729,course-v1:HEBNU+2017011901X+sp
730,course-v1:TsinghuaX+00680082_1X+2016_T1
731,course-v1:TsinghuaX+30670043X+_
732,course-v1:JNUX+jnu05020098X+sp
733,course-v1:TsinghuaX+JRFX01+2015_T2
734,course-v1:TsinghuaX+10450034_2X+2016-T2
735,TsinghuaX/30350161X/2015_T1
736,course-v1:HIT+HIT2016002+sp
737,course-v1:TsinghuaX+80000901X+2016_TS2
738,course-v1:TsinghuaX+80590952X_p4+sp
739,TsinghuaX/THUSEM006/_
740,course-v1:TsinghuaX+00680142X_p6+sp
741,course-v1:TsinghuaX+80000901X+2016_TS1
742,course-v1:TsinghuaX+34000888X_p2+sp
743,course-v1:CAU+08112500x+sp
744,TsinghuaX/40130653X/2015_T2
745,course-v1:TsinghuaX+10800032X+sp
746,course-v1:xuetangx+credittest7+2017_T1
747,TsinghuaX/10421084_2014X/2014_T2
748,MITx/15_390x/2014_T2
749,TsinghuaX/00690242_2015X/2015_T1
750,course-v1:McGillX+Chem181x+2017_T1
751,course-v1:CLE+CLE2017002+2017_T1
752,course-v1:TsinghuaX+00510663X+2015_T2
753,course-v1:MITx+15_390_2x+2017_T2
754,course-v1:SEU+00690803+Sp
755,course-v1:TsinghuaX+02090091X_p6+sp
756,course-v1:McGillX+Chem181x+2017_T2
757,course-v1:TsinghuaX+20330334X_2015_2+sp
758,course-v1:TsinghuaX+00670122X+2017_T2
759,course-v1:RiceX+MedDigX+_
760,course-v1:TsinghuaX+30150153X+sp
761,course-v1:HIT+HIT2016002+2017_T2
762,course-v1:WellesleyX+ANTH207x+2017_T2
763,course-v1:HLJUX+2017032101X+2017_T2
764,course-v1:ACCA+MA1_X+sp
765,course-v1:WellesleyX+ANTH207x+2017_T1
766,course-v1:HIT+GH47100100+sp
767,course-v1:CIE+JD2015+sp
768,course-v1:NU+14051301_P1+sp
769,course-v1:NCU+J81A0Y0030+sp
770,TsinghuaX/30040323X/2015_T1
771,course-v1:TsinghuaX+00670122X+2017_T1
772,course-v1:WellesleyX+HIST229x+2017_T2
773,course-v1:HUBU+2017031401X+SP
774,course-v1:ZJFF+030025+sp
775,course-v1:TsinghuaX+34000312X+sp
776,course-v1:SDUx+sd010201401+2016-T2
777,course-v1:TsinghuaX+00740113_1X+2016_T1
778,course-v1:HIT+GO94500200+2016_T1
779,course-v1:WellesleyX+HIST229x+2017_T1
780,SDUx/131000110/2015_T1
781,course-v1:TsinghuaX+THU00001X+2016_T2
782,course-v1:TsinghuaX+JRFX01+2016--T2
783,course-v1:TsinghuaX+40250074X+2016_T2
784,course-v1:TsinghuaX+AP000008X+2017_ST
785,course-v1:TsinghuaX+THU00001X+2016_T1
786,course-v1:TsinghuaX+64100033X+2015_T1_
787,course-v1:TsinghuaX+20440333X+sp
788,course-v1:TsinghuaX+AP000003X+2016_T1
789,course-v1:TsinghuaX+80150193X+sp
790,course-v1:TsinghuaX+00680082_1X+2016_TS
791,course-v1:SCU+00011142+2016_T1
792,course-v1:TsinghuaX+30240243X_tv+2015_T1
793,TsinghuaX/10421065X/2015_T1
794,course-v1:TsinghuaX+THESIS2015X_tv+2015_T1
795,course-v1:CLE+CLE2017005+2017_T1
796,course-v1:TsinghuaX+00670122X+2016_TS
797,course-v1:TsinghuaX+00680082_1X_p1+sp
798,course-v1:TsinghuaX+AP000003X+2016_T2
799,course-v1:TsinghuaX+00740113_2X+2016_T1
800,course-v1:CIE+JD_2017+sp
801,course-v1:HUBU+2017022701X+2017_T2
802,course-v1:UC_BerkeleyX+ColWri2_2x_2015_T1+2016_T2
803,TsinghuaX/10421094_2015X/2015_T1
804,course-v1:CIE+CIE2016001+sp
805,course-v1:WUT+WUT2016001+2017_T2
806,course-v1:TsinghuaX+40040152X+2015_T2
807,course-v1:TsinghuaX+00680082X+sp
808,course-v1:TsinghuaX+60250101X+2016_T1
809,course-v1:TsinghuaX+40670453X+2017_T1
810,course-v1:TsinghuaX+400182X+2016_T2
811,course-v1:TsinghuaX+90640012X+2017_T2
812,course-v1:WUT+WUT2016001+2016_T2
813,course-v1:NUDT+082501502+2017_T1
814,course-v1:TsinghuaX+34000888X_p3+sp
815,course-v1:TsinghuaX+80000901X_p2+sp
816,course-v1:TsinghuaX+40670453X_p2+sp
817,course-v1:TsinghuaX+80000901X_p3+sp
818,TsinghuaX/20250064_2015X/2015_T1
819,course-v1:TsinghuaX+20120143X+2017_T2
820,course-v1:NTHU+MOOC_00_001+sp
821,course-v1:TsinghuaX+40670453X+2017_T2
822,course-v1:TsinghuaX+400182X+2016_T1
823,course-v1:TsinghuaX+90640012X+2017_T1
824,course-v1:TsinghuaX+JRFX01+2016_TS
825,TsinghuaX/70167012_2015X/2015_T1
826,TsinghuaX/30240184X/2014_T2
827,course-v1:HEBUT+20170617001+sp
828,course-v1:WUT+WUT2016001+sp
829,course-v1:TsinghuaX+10421102x_2015_T2+sp
830,course-v1:TsinghuaX+AP000004X+2017_ST
831,course-v1:TsinghuaX+00612643X_p4+sp
832,TsinghuaX/AP000000X/2015_T2
833,course-v1:TsinghuaX+90640012X+2016_T1
834,course-v1:HIT+13SD33000721+sp
835,course-v1:NTHU+QF32110+2017_T2
836,course-v1:TsinghuaX+10800032X+2016-T2
837,course-v1:NJUST+NJUST001+sp
838,course-v1:SDUx+00931800X_p2+sp
839,course-v1:TsinghuaX+00460032X+sp
840,course-v1:CUPB+CUPB201702+2017_T1
841,course-v1:NTHU+QF32110+2017_T1
842,course-v1:TsinghuaX+40670453X+2016_T2
843,course-v1:TsinghuaX+60610231_p1+2017_T2
844,course-v1:JNUX+jnu05020098X+2017_T2
845,course-v1:TsinghuaX+60610231_p1+2017_T1
846,course-v1:TsinghuaX+40050455_2X+2016_T1
847,course-v1:JNUX+jnu05020098X+2017_T1
848,course-v1:TsinghuaX+40670453X+2016_T1
849,course-v1:TsinghuaX+20250064+2016_T2
850,TsinghuaX/10421145X/_-1
851,course-v1:PekingX+04332960X+sp
852,course-v1:NGO20X+USTC2016002+2017_T2
853,course-v1:JinanX+2017031001X+2017_T1
854,UQx/Write101_x/_
855,course-v1:TNUA+AO35001+_
856,course-v1:TsinghuaX+00510888X_tv+2015_T1
857,course-v1:CIE+CIE2016002+2017_T2
858,course-v1:TsinghuaX+10450034_1X+2016-T2
859,course-v1:TsinghuaX+60240013_tv+2015_T1
860,course-v1:TsinghuaX+30700313X_p2+sp
861,course-v1:TsinghuaX+10421094X_2015_2+2015_T2
862,course-v1:TsinghuaX+70120073X+sp
863,course-v1:ZUEL+B0680090_2015_T2+2016-T2
864,course-v1:TsinghuaX+00740113X_2015_T2+2015_T2
865,course-v1:TsinghuaX+10430575X_+sp
866,course-v1:TsinghuaX+30240233X+2016_TS
867,course-v1:PekingX+04332960X+2017_T2
868,course-v1:XJTU+ME-XMGL2013-014X+sp
869,course-v1:HLJUX+2017032101X+sp
870,course-v1:TsinghuaX+00804723X+2017_T1
871,course-v1:TsinghuaX+00804723X+2017_T2
872,course-v1:TsinghuaX+00670122X_p3+sp
873,course-v1:SCU+00011142_tv+2015_T1
874,course-v1:XJTU+BIOL3028+2017_T2
875,course-v1:TsinghuaX+20120143X+2016_T1
876,TsinghuaX/00690092X/2015_T1
877,course-v1:NJU+010101+2017_T2
878,course-v1:MITx+6_041x+2017_T2
879,course-v1:TsinghuaX+60250101X+2016_TS
880,course-v1:TJU+4240001+sp
881,course-v1:TsinghuaX+400182X+sp
882,course-v1:TsinghuaX+20220214X_2015_2+2015_T2
883,course-v1:MITx+6_041x+2017_T1
884,course-v1:SEU+00690803_tv+2015_T1
885,TsinghuaX/80515522X/2015_T1
886,course-v1:NJU+010101+2017_T1
887,course-v1:TsinghuaX+20740084X+sp
888,TsinghuaX/20220214X/_
889,course-v1:NUDT+520804502+2016_T2
890,course-v1:TsinghuaX+00460032X_1+2016_T1
891,course-v1:TsinghuaX+400182X+2016_TS
892,ZUEL/B0680090/2014_T2
893,UC_BerkeleyX/ColWri2_2x/2014_T2
894,course-v1:UC_BerkeleyX+ColWri2_1x+2015_T2
895,course-v1:TsinghuaX+00740043_2X_tv+2015_T1
896,course-v1:TsinghuaX+64100033X+2017_T2
897,course-v1:SEU+00690803+2016_TS
898,course-v1:CYCU+cycusllckx+2017_T1
899,course-v1:TsinghuaX+00690863X+2016_T2
900,course-v1:SDUx+00931800X+sp
901,course-v1:CYCU+cycusllckx+2017_T2
902,course-v1:NBUX+MH001x+sp
903,TsinghuaX/THU00001X/_
904,course-v1:BIT+PHY1701702+sp
905,course-v1:JNUX+jnu01023008X_p1+sp
906,course-v1:TsinghuaX+00612643X_p5+sp
907,TsinghuaX/10430494X/2014-10-06
908,course-v1:JNUX+jnu01023008X+2017_T1
909,course-v1:TsinghuaX+30040323X+sp
910,course-v1:CLE+CLE2017001+2017_T2
911,course-v1:TsinghuaX+AP000001X+sp
912,TsinghuaX/10610183X/2016_T1
913,course-v1:CLE+CLE2017001+2017_T1
914,course-v1:JNUX+jnu01023008X+2017_T2
915,course-v1:TsinghuaX+40990255X_1+2017_T1
916,course-v1:ECNUx+2016001+2017_T2
917,course-v1:TsinghuaX+00690863X+sp
918,course-v1:JNUX+07009156X+sp
919,course-v1:TsinghuaX+02090091X+sp
920,course-v1:PPSUC+2017052301+2017_T2
921,TsinghuaX/00691153X/_
922,course-v1:ECNUx+2016001+2017_T1
923,course-v1:TsinghuaX+TSINGHUA107+2016_T1
924,course-v1:TsinghuaX+00670122X_p1+sp
925,course-v1:MIL+MIL2016001+2017_T1
926,course-v1:NJU+010101+2016-T2
927,course-v1:HUBU+2017022703X+sp
928,course-v1:TsinghuaX+90640012X+2016-T2
929,course-v1:MIL+MIL2016001+2017_T2
930,course-v1:TsinghuaX+THU201602+sp
931,course-v1:WUT+1022817X+2017_T1
932,course-v1:NUDT+0811101+2017_T1
933,course-v1:UC_BerkeleyX+ColWri2_2x_2015_T1+2017_T1
934,course-v1:NCU+T6300M0032+sp
935,course-v1:TsinghuaX+00040132X+2017_T1
936,course-v1:TsinghuaX+10430484X_2015_2+2015_T2
937,course-v1:TsinghuaX+30130274X+sp
938,course-v1:RiceX+MedDigX+2017_T1
939,course-v1:RiceX+MedDigX+2017_T2
940,course-v1:TsinghuaX+00040132X+2017_T2
941,course-v1:NUDT+125205501+sp
942,TsinghuaX/TSINGHUA102/_
943,course-v1:UC_BerkeleyX+ColWri2_2x_2015_T1+2017_T2
944,course-v1:TsinghuaX+00510133X+2017_T1
945,TsinghuaX/10800032_2015X/2015_T1
946,course-v1:HIT+13GH16000700+2017_T1
947,course-v1:nix+a002+2017_T1
948,course-v1:TsinghuaX+02090091X_p2+sp
949,course-v1:TsinghuaX+30130503X+2016_T2
950,course-v1:HIT+13GH16000700+2017_T2
951,course-v1:HIT+HIT2016002+2016_T2
952,course-v1:SDUx+00931800X_p1+sp
953,course-v1:TsinghuaX+00510133X+2017_T2
954,course-v1:TsinghuaX+30130123X+2016_T1
955,course-v1:NUDT+520804502+2017_T1
956,course-v1:TsinghuaX+60610231_p1+sp
957,course-v1:RiceX+AdvBIO_3x+sp
958,course-v1:SDUx+sd01020140+2015_T2
959,course-v1:WellesleyX+HIST229x+2016_T2
960,TsinghuaX/80512073X/_
961,TsinghuaX/20240103X/2015_T2
962,course-v1:TsinghuaX+30640014X+sp
963,course-v1:CIE+CIE2016007+2017_T2
964,course-v1:SDUx+131000110_p2+sp
965,course-v1:ACCA+MA2_X+2017_T2
966,course-v1:TsinghuaX+20220332X+sp
967,course-v1:ACCA+MA2_X+2017_T1
968,course-v1:TJU+TJU2016001_P1+sp
969,course-v1:TsinghuaX+00690242+2015_TS
970,course-v1:TsinghuaX+00690212X_p3+sp
971,course-v1:TsinghuaX+TSINGHUA101_tv+_
972,course-v1:TsinghuaX+00690302_1+2016_T2
973,course-v1:TsinghuaX+70230063X+2017_T1
974,NTHU/MOOC_02_002/2015_T1
975,course-v1:TsinghuaX+02090091X_p7+sp
976,course-v1:TsinghuaX+80000271X+2017_T1
977,TsinghuaX/20250064_1X/2015_T1
978,course-v1:NTHU+WL01003+2017_T1
979,course-v1:NTHU+WL01003+2017_T2
980,course-v1:TsinghuaX+80000271X+2017_T2
981,course-v1:TsinghuaX+8015019X+2016_T1
982,course-v1:TsinghuaX+60240013X+2016_T1
983,course-v1:TsinghuaX+00670122X_p2+sp
984,course-v1:NOU+nousscygl+2017_T1
985,BerkeleyX/CS169_1x/_
986,TsinghuaX/01030132X/2015_T1
987,course-v1:NOU+nousscygl+2017_T2
988,course-v1:UST+UST001+2016_T1
989,course-v1:TsinghuaX+10421084X_2015_2+2015_T2
990,course-v1:TsinghuaX+AP201601X+2016_T2
991,course-v1:BNU+2017053101X+2017_T2
992,course-v1:TsinghuaX+00740043_2x_2015_T2+sp
993,course-v1:TsinghuaX+00680142X_p3+sp
994,course-v1:TsinghuaX+20430064X+2015_T2
995,course-v1:TsinghuaX+00690242X+2016_TS
996,course-v1:TsinghuaX+AP201601X+2016_T1
997,course-v1:TsinghuaX+00690863X_p2+sp
998,course-v1:TsinghuaX+10450012X+sp
999,course-v1:RiceX+RELI157x+2015_T1
1000,course-v1:NUDT+520804502+_
1001,course-v1:MicrosoftX+Microsoft101+2017_T2
1002,course-v1:TsinghuaX+AP000002X+sp
1003,course-v1:WUT+1022817X+sp
1004,course-v1:HITx+13SC03100710_1x+sp
1005,course-v1:TsinghuaX+10610224X_tv+2015_T2
1006,TsinghuaX/70250023_2014X/2014_T2
1007,course-v1:TsinghuaX+00510663X+2017_T1
1008,course-v1:UC_BerkeleyX+ColWri2_1x_2015_T1+2016_TS
1009,course-v1:TsinghuaX+00670122X+2016_T1
1010,course-v1:TsinghuaX+20220053X_2015_T2+2015_T2
1011,course-v1:TsinghuaX+00690212X-2_p3+sp
1012,course-v1:TsinghuaX+00690302_1+2017_T2_1
1013,course-v1:TsinghuaX+80511503X+2016_T1
1014,course-v1:TsinghuaX+80511503X+2016_T2
1015,TsinghuaX/20330334_2015X/2015_T1
1016,course-v1:TsinghuaX+00510663X+2017_T2
1017,course-v1:CIE+CIE2016003+sp
1018,course-v1:TsinghuaX+00690242_p4+sp
1019,course-v1:CLE+CLE2016007+2017_T1
1020,UQx/BIOIMG101x/_
1021,course-v1:ECNUx+2016001_p1+sp
1022,course-v1:TsinghuaX+TSINGHUA107+2017_T1
1023,course-v1:MIL+MIL2016001+2016_T2
1024,course-v1:TsinghuaX+10450012X+2017_T2
1025,course-v1:TNUA+AO35002+_
1026,TsinghuaX/MOOC101_2015/2015_T1
1027,course-v1:BLCUX+3010504602+sp
1028,course-v1:TsinghuaX+00804723X+2016_T1
1029,course-v1:NTHU+CS12500+2017_T1
1030,course-v1:ChongqingU+IPG01002X+sp
1031,course-v1:TsinghuaX+TSINGHUA107+2017_T2
1032,course-v1:TsinghuaX+10610224X+2016_T1
1033,course-v1:MicrosoftX+Microsoft101+sp
1034,course-v1:NCU+T5010H0019+sp
1035,TsinghuaX/30260112X/2015_T2
1036,course-v1:TsinghuaX+2070071X+2017_T2
1037,course-v1:JNUX+jnu105590ma18X+2017_T1
1038,course-v1:TsinghuaX+20120143X+sp
1039,course-v1:TsinghuaX+00040132X+2016_T1
1040,course-v1:TsinghuaX+0350161X_2015_T2+sp
1041,TsinghuaX/30700313_2014X/2014_T2
1042,course-v1:NBUX+MH001x_p1+sp
1043,course-v1:NBUX+MH001x+2017_T2
1044,course-v1:TsinghuaX+00690342X+sp
1045,TsinghuaX/34000888X/2015_T2
1046,course-v1:TsinghuaX+00691153X+sp
1047,course-v1:RiceX+AdvBIO_1x+sp
1048,course-v1:TsinghuaX+40990255X_1+2016_T2
1049,course-v1:TsinghuaX+30240184.1x+3T2016
1050,course-v1:TsinghuaX+60250101X+2017_T2
1051,course-v1:TsinghuaX+70230063X+2016_T2
1052,course-v1:TCU+tzuczy+2017_T1
1053,course-v1:TsinghuaX+40670453X+2016_TS
1054,UC_BerkeleyX/ColWri2_3x_2015_T1/2015_T1
1055,course-v1:TsinghuaX+MOOC101_2015_2+sp
1056,course-v1:TCU+tzuczy+2017_T2
1057,course-v1:TsinghuaX+00690212X+sp
1058,course-v1:TsinghuaX+00701032X+2017_T2
1059,course-v1:TsinghuaX+00510663X+2016_T2
1060,course-v1:SDUx+131000110+sp
1061,course-v1:microdegree+20170704001x+2017
1062,course-v1:TsinghuaX+00612642X_p7+sp
1063,course-v1:NTHU+MOOC_00_006+2015_T2
1064,course-v1:NTHU+MOOC_00_005+2015_T2
1065,course-v1:PU+OL32004+2017_72
1066,course-v1:SCUTx+IF+sp
1067,course-v1:TsinghuaX+70120073X_2015_2+2015_T2
1068,course-v1:TsinghuaX+00510663X+2016_T1
1069,course-v1:Stanford+CS101+sp
1070,course-v1:TsinghuaX+20250103X+sp
1071,course-v1:TsinghuaX+30150303X+sp
1072,course-v1:TCU+tzucnmsz+2017_T1
1073,course-v1:TsinghuaX+30640014X-p1+sp
1074,course-v1:TCU+tzucnmsz+2017_T2
1075,TsinghuaX/10421075_2015X/2015_T1
1076,course-v1:WellesleyX+HIST229x+sp
1077,course-v1:GalileoX+CAAD004X+2T2017
1078,TsinghuaX/THUSEM008/_
1079,TsinghuaX/70150023X/2015_T1
1080,course-v1:TsinghuaX+80240372X+2016_T2
1081,course-v1:CIE+CIE2016006_p1+sp
1082,TsinghuaX/40670453X/2015_T1
1083,Tsinghuax/30130123X/2015_T2
1084,TsinghuaX/10610204_2015X/2015_T1
1085,course-v1:TsinghuaX+00510133X+2016_T2
1086,course-v1:DYU+dyuglbbx+2017_T1
1087,course-v1:FUDANx+ECON1300812_P1+sp
1088,course-v1:NCUX+T5700Z0001X+sp
1089,course-v1:BLCUX+2130001903+sp
1090,course-v1:TsinghuaX+00690092X+sp
1091,course-v1:TsinghuaX+20440333_2015X+2015_T2
1092,TsinghuaX/00690242_1X/_
1093,course-v1:TsinghuaX+20250064+2015_T2
1094,course-v1:Tsinghuax+30130123X+sp
1095,course-v1:DYU+dyuglbbx+2017_T2
1096,course-v1:HIT+GO90801500+2016-5-1
1097,course-v1:TsinghuaX+400182X+2017_T1
1098,TsinghuaX/20120143X/2015_T2
1099,course-v1:TsinghuaX+30240184_1X+2016_TS
1100,course-v1:TsinghuaX+400182X+2017_T2
1101,course-v1:TsinghuaX+00040132X+2016_TS
1102,course-v1:CAU+08110140_2x+2016_T1
1103,course-v1:UC_BerkeleyX+ColWri2_2x+2015_T2
1104,course-v1:TsinghuaX+10610193X+sp
1105,course-v1:HIT+13SD33000721+2016-5-2
1106,course-v1:NTHU+MOOC_04_001+sp
1107,course-v1:TsinghuaX+30260032X_+sp
1108,course-v1:TsinghuaX+10421145X_2015_2+2015_T2
1109,TsinghuaX/10430896X/2016_T1
1110,course-v1:TsinghuaX+Pr20170406-SC_p2+sp
1111,course-v1:MITx+15_390_2x+sp
1112,course-v1:SDUx+sd010201401+2015_T2
1113,course-v1:TsinghuaX+30140393x_2015_2+2015_T2
1114,course-v1:TsinghuaX+THU201602+2016_T1
1115,course-v1:TsinghuaX+00690242X+2017_T2
1116,course-v1:TsinghuaX+THU00001X+sp
1117,course-v1:TsinghuaX+00690242X+2017_T1
1118,course-v1:ECNUx+2016001+2016_T2
1119,course-v1:NPUX+2016001+2016_T1
1120,course-v1:TsinghuaX+40050455X+2016_T1
1121,TsinghuaX/80000901_2015WV/2015_winter_vacation
1122,course-v1:TsinghuaX+70240183X+2016_T11
1123,course-v1:TsinghuaX+00510663X+2016_TS
1124,course-v1:TsinghuaX+90640012X_p2+sp
1125,course-v1:TsinghuaX+AP000008X+2017T1
1126,course-v1:TsinghuaX+20250064X+2017_T1
1127,course-v1:ACCA+FA2-MA2_X+2016_T2
1128,course-v1:TsinghuaX+30640014+sp
1129,course-v1:TsinghuaX+00690302_2+sp
1130,course-v1:NCTU+toc+2016_T2
1131,course-v1:TsinghuaX+30700313+sp
1132,course-v1:FUDANx+ECON130080+2016_T2
1133,course-v1:TsinghuaX+40510293X_p1+sp
1134,TsinghuaX/70250023X/_
1135,course-v1:SEU+00690803+sp
1136,course-v1:TsinghuaX+30040352X+2017_T1
1137,course-v1:TsinghuaX+20220053X+2016_T1
1138,course-v1:NCTU+nctucmszb_tv+2015_T1
1139,course-v1:TsinghuaX+30240532X+sp
1140,course-v1:Stanford+Econ1+2017_T2
1141,course-v1:TsinghuaX+10450034_1X+2016_T1
1142,course-v1:MITx+15_390x_2015_T2+2015_T2
1143,course-v1:TsinghuaX+34000888X+2016_T2
1144,course-v1:TsinghuaX+60510102X+sp
1145,course-v1:TsinghuaX+10610224X+2017_T2
1146,course-v1:CIE+CIE2016005+2017_T1
1147,course-v1:TsinghuaX+20220332X+2016_T1
1148,course-v1:CIE+CIE2016005+2017_T2
1149,course-v1:TsinghuaX+10610224X+2017_T1
1150,course-v1:TsinghuaX+34000888X+2016_T1
1151,course-v1:BIT+PHY17016+2015_T2
1152,course-v1:JLU+gx01640603_103138_1+2017_T2
1153,course-v1:HAUT+2017070701X+sp
1154,TsinghuaX/10421084_2X_2015WV/2015_winter_vacation
1155,course-v1:TsinghuaX+70612463X+sp
1156,course-v1:TsinghuaX+AP000011X+sp
1157,course-v1:TsinghuaX+80240372X+2017_T2
1158,course-v1:BIT+PHY1701701+sp
1159,course-v1:TsinghuaX+30240184_p1+sp
1160,course-v1:TsinghuaX+THUSEM004+sp
1161,course-v1:Stanford+Econ1+sp
1162,course-v1:TsinghuaX+THUSEM005+sp
1163,course-v1:HITx+13SC03100710_1x+2017_T1
1164,course-v1:TsinghuaX+80000901_tv+2015_T1
1165,course-v1:CAU+08110140_1x+2016_T1
1166,course-v1:BSU+BSU001+2017_T2
1167,course-v1:TsinghuaX+70612463X+2017_T1
1168,course-v1:UST+9000603153+2016_T2
1169,course-v1:TsinghuaX+00701271X+2017_T2
1170,TsinghuaX/80512073_2014_1X/_2014_
1171,UC_BerkeleyX/CS_184_1x/_
1172,course-v1:SEU+00690803+2017-T2
1173,course-v1:XJTU+2017011101X+2017_T1
1174,course-v1:UC_BerkeleyX+ColWri2_3x+sp
1175,course-v1:SEU+00690803+2017-T1
1176,course-v1:ECUSTX+2017011101X+2017_T1
1177,course-v1:TsinghuaX+TSINGHUA102_tv+_
1178,TsinghuaX/70240183x/2015_T2
1179,course-v1:GXUST+2017041901X+2017_T1
1180,course-v1:SDUx+sd01020140+2017_T1
1181,course-v1:TsinghuaX+10610183_2X+sp
1182,course-v1:FUDANx+ECON130080+2017_T2
1183,CAU/08110140/2015_T1
1184,course-v1:TsinghuaX+AP000005X+2016_T2
1185,course-v1:ICx+Spanish001+sp
1186,course-v1:PU+OL32004+sp
1187,course-v1:TsinghuaX+AP000005X+2016_T1
1188,course-v1:CHD+24123150+2017_T1
1189,course-v1:TsinghuaX+AP000005X+2016_T0
1190,course-v1:TsinghuaX+40510293X+2017_T2
1191,course-v1:SDUx+sd01020140+2016_T1
1192,course-v1:TsinghuaX+30240233X_2015_T2+sp
1193,TsinghuaX/34100325X/2015_T1
1194,course-v1:TsinghuaX+60610231+2016_T2_SP
1195,NTHU/MOOC_01_004/2014_T2
1196,course-v1:TsinghuaX+00690242X+2016_T1
1197,course-v1:TsinghuaX+70612463X+2016-T2
1198,course-v1:TsinghuaX+AP000005X+2016-2
1199,course-v1:TsinghuaX+00690242X+2016_T2
1200,course-v1:SDUx+sd01020140+2016_T2
1201,course-v1:TsinghuaX+40510293X+2017_T1
1202,course-v1:HITx+13SC03100710_2x+2017_T1
1203,BIT/PHY1701702/2015_T1
1204,course-v1:TsinghuaX+80000901X+2016-2
1205,course-v1:TsinghuaX+Pr20170406-SC_p1+sp
1206,course-v1:TsinghuaX+00690212X+2015_T2
1207,TsinghuaX/20440333_2014X/2014_T2
1208,course-v1:PekingX+Peking001x+2017_TS
1209,course-v1:TsinghuaX+30240184_tv+2015_T1
1210,course-v1:UC_BerkeleyX+ColWri2_1x_2015_T1+2016_T2
1211,course-v1:SDUx+00931800X+2015_T2
1212,course-v1:TsinghuaX+20430064_2X+sp
1213,course-v1:TsinghuaX+70800232X+2015_T2
1214,course-v1:TsinghuaX+30040352X+2016_T2
1215,course-v1:TsinghuaX+00690212X_p1+sp
1216,course-v1:KMUSTX+3102003+sp
1217,course-v1:TsinghuaX+00804723X+sp
1218,course-v1:CIE+CIE2017005+2017_T2
1219,course-v1:TsinghuaX+80515522X+sp
1220,TsinghuaX/20140064X/2015_T2
1221,course-v1:BLCUX+3270503003+sp
1222,course-v1:TsinghuaX+40250144X+sp
1223,course-v1:TsinghuaX+00510888X+2016_T2
1224,course-v1:TsinghuaX+00510888X+2016_T1
1225,course-v1:HITx+13SC03100710_3x+sp
1226,course-v1:TsinghuaX+70240183x+2016_2
1227,SCU/00011142/2015_T1
1228,course-v1:TsinghuaX+AP000001X+2016T2
1229,course-v1:TsinghuaX+AP000001X+2017_ST
1230,course-v1:NBUX+MH001x_p2+sp
1231,course-v1:ZUELX+B0800280+sp
1232,course-v1:XJTU+BIOL3028+sp
1233,course-v1:TsinghuaX+20250103X_+2017_T1
1234,course-v1:TsinghuaX+THU00022X_tv+2015_T1
1235,TsinghuaX/30240184_2X/_
1236,course-v1:HHX+75099102+2017_T2
1237,course-v1:TsinghuaX+80000271X+sp
1238,course-v1:ZUELX+B0601353+sp
1239,course-v1:UC_BerkeleyX+CS_184_1x+sp
1240,course-v1:MITx+6_00_1x+sp
1241,course-v1:TsinghuaX+20330334X_2015_2+2015_T2
1242,course-v1:ACCA+FA1_X+2017_T2
1243,course-v1:HIT+HIT2016001+2016_T2
1244,course-v1:ACCA+FA1_X+2017_T1
1245,TsinghuaX/40040152X/2015_T1
1246,NCTU/nctucmpsd/2015_T2
1247,course-v1:CIE+JD_2016+sp
1248,course-v1:JLU+gx01640603_103138_1+sp
1249,TsinghuaX/20220332_2X/_
1250,course-v1:TsinghuaX+10421145X_2015_2+sp
1251,course-v1:TsinghuaX+30240243X+sp
1252,course-v1:TsinghuaX+80000901X_2+2017_T2
1253,course-v1:UQx+BIOIMG101x+sp
1254,TsinghuaX/00680142X/2015_T2
1255,course-v1:TsinghuaX+80000901X_2+2017_T1
1256,TsinghuaX/10610204X/_
1257,TsinghuaX/20220053X/2015_T1
1258,course-v1:TNUA+AO35005+2016_T2
1259,course-v1:NBUX+2016001+sp
1260,course-v1:TsinghuaX+60250131X+2017_T2
1261,course-v1:UC_BerkeleyX+ColWri2_1x_2015_T1+2017_T1
1262,course-v1:TsinghuaX+00690092X_tv+2015_T1
1263,course-v1:UC_BerkeleyX+ColWri2_1x_2015_T1+2017_T2
1264,course-v1:TsinghuaX+80000901X_2015T2+2015T2
1265,course-v1:TsinghuaX+80512073X+2017-T1
1266,course-v1:CIE+CIE2016004+2016_T1
1267,course-v1:TsinghuaX+70167012X+2016_T1
1268,course-v1:TsinghuaX+THUSEM003+sp
1269,course-v1:CQUX+2017042501X+sp
1270,NTHU/MOOC_00_001/2015_T1
1271,course-v1:UQx+Think101x+2017_T2
1272,course-v1:TsinghuaX+00720091X_p1+sp
1273,course-v1:TsinghuaX+30700313X+2016_TS
1274,course-v1:RiceX+AdvENVSCI_2x+sp
1275,course-v1:TsinghuaX+40160092X+2017_T2
1276,TsinghuaX/THUSEM003/_
1277,TsinghuaX/10450012X/2015_T2
1278,TsinghuaX/00510888X/2015_T1
1279,course-v1:TsinghuaX+00612643X_p2+sp
1280,course-v1:TsinghuaX+10450034_2X+2016_T2
1281,course-v1:SCU+00011142_p2+sp
1282,course-v1:CAU+08110140+2015_T2
1283,course-v1:TsinghuaX+10450034_2X+2016_T1
1284,course-v1:TsinghuaX+60240013X+2015_T2
1285,course-v1:TsinghuaX+90640012X_p3+sp
1286,course-v1:TsinghuaX+40050444X+2016_T1
1287,course-v1:TsinghuaX+81020142X+2016_T2
1288,course-v1:TsinghuaX+00612643X+sp
1289,course-v1:TsinghuaX+00701271X+2016_T2
1290,course-v1:TsinghuaX+30240184_1X+2016_T1
1291,WellesleyX/HIST229x/_
1292,TsinghuaX/60240202X/_
1293,HNU/HNU001/2015_T1
1294,course-v1:TsinghuaX+34000888X+2017_T1
1295,course-v1:NTHU+CS12500+sp
1296,course-v1:CIE+CIE2016005+sp
1297,course-v1:SDUx+sd010201402+2016--T2
1298,course-v1:xuetangX+CCid+_
1299,course-v1:UST+UST001+sp
1300,course-v1:TW+2017060801X+sp
1301,course-v1:TsinghuaX+30040323X_2015_T2+2015_T2
1302,course-v1:TsinghuaX+34000888X+2017_T2
1303,course-v1:CIE+CIE2016005_+sp
1304,course-v1:TsinghuaX+20350033X+2016_T1
1305,Stanford/WomensHealth_2015_T1/2015_T1
1306,course-v1:TsinghuaX+80590982X+2017_T1
1307,course-v1:TsinghuaX+00690212X-2+2016_T2
1308,course-v1:TsinghuaX+JRFX01+2017_T1
1309,course-v1:TsinghuaX+10800032_tv+2015_T1
1310,course-v1:XUETANGX+CCC111+sp
1311,course-v1:ZFC+B150007+sp
1312,course-v1:TsinghuaX+JRFX01+2017_T2
1313,MITx/6_00_1x/2014_T2
1314,course-v1:TsinghuaX+80590982X+2017_T2
1315,course-v1:NUDT+082501502+_
1316,course-v1:TsinghuaX+02090091X_p3+sp
1317,course-v1:NU+14051301+sp
1318,TsinghuaX/30150153X/2016_T2
1319,course-v1:SEU+00690803+2016--T2
1320,course-v1:TsinghuaX+70250023X_2015_2+sp
1321,RiceX/AdvENVSCI_1x/_
1322,course-v1:TsinghuaX+40670453X_p1+sp
1323,course-v1:TsinghuaX+00612642X+2017_T1
1324,course-v1:BIT+PHY17017+2016_T1
1325,course-v1:TsinghuaX+40670702X+2017_T2
1326,course-v1:TsinghuaX+80611322X+sp
1327,course-v1:FUDANx+ECON130088+2017_T2
1328,course-v1:HIT+13SD08000500+sp
1329,TsinghuaX/00612642_2015X/2015_T1
1330,course-v1:BIT+BIT2016001+2016_T2
1331,course-v1:WHU+0800773+_
1332,course-v1:TsinghuaX+00690242_p3+sp
1333,TsinghuaX/30130274X/2015_T2
1334,course-v1:TsinghuaX+00612642X+2017_T2
1335,course-v1:TsinghuaX+00990021X+2016_T2
1336,course-v1:TsinghuaX+00310222X+2015_T2
1337,course-v1:TsinghuaX+AP201601X+2016-T2
1338,course-v1:UQx+BIOIMG101x+2015_T1
1339,course-v1:NCTU+wym+sp
1340,course-v1:WageningenX+NUTR101x+2017_T2
1341,TsinghuaX/60250131X/2015_03_02
1342,course-v1:Tsinghua+Thesis2017X+2017_T1
1343,course-v1:TsinghuaX+00510663X+sp
1344,course-v1:TsinghuaX+00990021X+2016_T1
1345,course-v1:NBCCx+NBCC000002+_sp
1346,course-v1:TsinghuaX+60240202X+sp
1347,course-v1:TsinghuaX+34000888X+2016_TS
1348,course-v1:TsinghuaX+00510888X+2017_T1
1349,course-v1:TsinghuaX+30700313X+2016_T1
1350,course-v1:TsinghuaX+00510888X+2017_T2
1351,course-v1:TsinghuaX+00612642X_P2+sp
1352,edX/BlendedX/_
1353,course-v1:XJTU+ME-XMGL2013-014X+2016_T2
1354,course-v1:TsinghuaX+30700313X+2016_T2
1355,TsinghuaX/10421094X_2015wv/2015_winter_vacation
1356,course-v1:TsinghuaX+40260092X+2017_T1
1357,course-v1:CIE+CIE2017007+2017_T1
1358,TsinghuaX/40050455X/_
1359,course-v1:TsinghuaX+80590952X+sp
1360,course-v1:TsinghuaX+AP000004X+2016_T1
1361,ZUEL/B0680090_2015_T1/2015_T1
1362,course-v1:TsinghuaX+AP000004X+2016_T2
1363,course-v1:TsinghuaX+70167012X+sp
1364,course-v1:TsinghuaX+40510293X+sp
1365,course-v1:CIE+CIE2017007+2017_T2
1366,course-v1:TsinghuaX+02090091X_p4+sp
1367,course-v1:TsinghuaX+60240202X_p1+sp
1368,Stanford/WomensHealth/2014_T1
1369,TsinghuaX/30230931X/2014_T2
1370,course-v1:TsinghuaX+00740043X_2015_T2+sp
1371,course-v1:USTC+USTC2006001+2016_T1
1372,course-v1:TsinghuaX+60250101X+sp
1373,course-v1:HIT+13SC20301820+2015_T2
1374,TsinghuaX/AP000005X/2015_T2
1375,course-v1:TsinghuaX+30700313X+sp
1376,course-v1:TsinghuaX+80000522X+2016_T2
1377,course-v1:TsinghuaX+44100343X+2017_T2
1378,course-v1:TsinghuaX+40130653X+2016_T1
1379,course-v1:Stanford+CS101+_
1380,course-v1:TsinghuaX+30230931X_2015_2+sp
1381,course-v1:TsinghuaX+01510192X+2017_T2
1382,course-v1:HIT+HIT2016002_p1+sp
1383,course-v1:USTC+USTC2006001+2017_T1
1384,course-v1:TsinghuaX+34000888X+sp
1385,course-v1:TsinghuaX+01510192X+2017_T1
1386,TsinghuaX/00720091_2014X/2014_T2
1387,course-v1:TsinghuaX+Thu02016001+2017_T2
1388,course-v1:TsinghuaX+Thu02016001+2016_T1
1389,TsinghuaX/MOOC101/MOOCs_
1390,TsinghuaX/80000901_1X/_
1391,course-v1:HUBU+HU08003X+sp
1392,course-v1:JXUST+JXUST2016001+2016_T2
1393,course-v1:TsinghuaX+00680142X+sp
1394,course-v1:TsinghuaX+80512073X+2016_T1
1395,course-v1:JNUX+jnu01009538X+2017_T1
1396,TsinghuaX/30640014_2015X/2015_T1
1397,course-v1:TsinghuaX+30230931X_2015_2+2015_T2
1398,course-v1:TsinghuaX+00690342X+2017_T1
1399,course-v1:TsinghuaX+00690342X+2017_T2
1400,course-v1:JNUX+jnu01009538X+2017_T2
1401,course-v1:TNUA+AO35005+2017_T2
1402,course-v1:MITx+15_671_1X+2017_T2
1403,course-v1:MITx+15_671_1X+2017_T1
1404,course-v1:CIE+CIE2017002+2017_T2
1405,course-v1:NUX+14051301+sp
1406,course-v1:NUDT+500302501+_
1407,course-v1:SDUx+131000110_tv+2015_T1
1408,course-v1:TsinghuaX+00690212X-2+2017_T1
1409,course-v1:BIT+PHY1701601+sp
1410,course-v1:TsinghuaX+30350161X+2016_T1
1411,course-v1:HIT+HIT2016001+2017_T2
1412,course-v1:SDUx+0233102811+2015_T2
1413,course-v1:ZJUX+2017011101X+2017_T1
1414,course-v1:TsinghuaX+00690212X-2+2017_T2
1415,course-v1:TsinghuaX+AP201601X+sp
1416,course-v1:TsinghuaX+THU201608+2016_T1
1417,course-v1:ECNUx+2016001+sp
1418,course-v1:TsinghuaX+40510293X+2016_T2
1419,course-v1:TsinghuaX+00740123X+2016_T1
1420,course-v1:TsinghuaX+20250064X_tv+2015_T1
1421,course-v1:BIT+PHY1701601+2015_T2
1422,course-v1:xuetangx+credittest2+2017_T1
1423,TsinghuaX/10430484_2015X/2015_T1
1424,course-v1:SCUT+S0813093+sp
1425,course-v1:TsinghuaX+10450034_2X+sp
1426,course-v1:TsinghuaX+THUSEM008+sp
1427,course-v1:TsinghuaX+20220332X+2017_T1
1428,course-v1:TsinghuaX+10450012X+2016_T1
1429,course-v1:TsinghuaX+00690212X-2_p2+sp
1430,TsinghuaX/AP000002X/2015_T2
1431,course-v1:TsinghuaX+20220332X+2017_T2
1432,course-v1:TsinghuaX+60240013X+sp
1433,course-v1:FUDANx+ECON1300812+sp
1434,NCTU/nctucmszb/2015_T1
1435,course-v1:BIT+PHY17016+sp
1436,course-v1:Tsinghua+30805743+2016_T2
1437,course-v1:UQx+TROPIC101x+2015_T2
1438,TsinghuaX/10610193X/2015_T2
1439,course-v1:TsinghuaX+10421065X+2016_T1
1440,course-v1:TsinghuaX+80590952X_p2+sp
1441,course-v1:TsinghuaX+30240233X_2015_T2+2015_T2
1442,course-v1:CIE+CIE2016002+sp
1443,BIT/ELC05198/2014_T2
1444,course-v1:HUBU+20170227X+sp
1445,course-v1:TsinghuaX+00612642X+2016_T2
1446,course-v1:TsinghuaX+10430494X_2015_2+2017_T2
1447,course-v1:TsinghuaX+AP000010X+sp
1448,course-v1:TsinghuaX+00612642X+2016_T1
1449,course-v1:NBCC+NBCC000201+_sp
1450,ustcX/LB05203a/2014_T2
1451,TsinghuaX/00740043X/2015_T1
1452,course-v1:ZJFF+000516+sp
1453,course-v1:TsinghuaX+30640014X-p3+sp
1454,course-v1:TsinghuaX+70800232X+2017_T2
1455,course-v1:RiceX+AdvENVSCI_3x+sp
1456,course-v1:TsinghuaX+40050455X_2015_2+2015_T2
1457,course-v1:TsinghuaX+80512073X_E+sp
1458,BIT/PHY1701701/2015_T1
1459,course-v1:TsinghuaX+70800232X+2017_T1
1460,course-v1:TsinghuaX+00690302_2+2017_T2
1461,course-v1:CIE+CIE2017004+2017_T2
1462,course-v1:HUBU+2017022702X+sp
1463,course-v1:TsinghuaX+40260092+2016_T2
1464,course-v1:test+exam+sp
1465,course-v1:NBUX+MH001x_p3+sp
1466,course-v1:TsinghuaX+THU201605X+2016_TS
1467,course-v1:TsinghuaX+10620204X+sp
1468,course-v1:TsinghuaX+00720091X_p2+sp
1469,course-v1:SDUx+sd010201401+sp
1470,course-v1:JNUX+jnu01023001X+2017_T2
1471,course-v1:TsinghuaX+70800232X+2016_T1
1472,course-v1:HIT+GO90801500+2017_T2
1473,course-v1:TsinghuaX+00740043X_2015_T2+2015_T2
1474,course-v1:TsinghuaX+60610231+2016_T1
1475,course-v1:TsinghuaX+MOOC101_2015_2+2015_T2
1476,course-v1:JNUX+jnu01023008X+sp
1477,course-v1:JinanX+2017031001X+sp
1478,course-v1:CQUX+MATH20041X+sp
1479,course-v1:TJU+4240001+2017_T2
1480,course-v1:HIT+GO90801500+2017_T1
1481,course-v1:JNUX+jnu01023001X+2017_T1
1482,course-v1:AdelaideX+Wine101x+sp
1483,TsinghuaX/20350033X/2015_T2
1484,PekingX/01718330X/_
1485,course-v1:TsinghuaX+30700313X+2017_T2
1486,course-v1:Stanford+Econ1+_
1487,course-v1:BerkeleyX+CS169_1x+2017_T2
1488,course-v1:BerkeleyX+CS169_1x+2017_T1
1489,course-v1:TsinghuaX+30700313X+2017_T1
1490,course-v1:ustcX+USTC001+_
1491,course-v1:RiceX+AdvBIO_5x+sp
1492,course-v1:nix+a001+2016_T2
1493,course-v1:TsinghuaX+80000901X_p1+sp
1494,course-v1:ECNUx+2016001_p2+sp
1495,course-v1:TsinghuaX+20250103X+2016_T1
1496,course-v1:TsinghuaX+80512073X+2016--T2
1497,course-v1:TsinghuaX+00690863X+__
1498,course-v1:TsinghuaX+80590952X_p1+sp
1499,course-v1:TsinghuaX+80660913X+2017_T2
1500,course-v1:TsinghuaX+80000822X+2017_T2
1501,course-v1:TsinghuaX+00670122+2017_T1
1502,course-v1:TsinghuaX+20250064_1X+2015_T2
1503,course-v1:TsinghuaX+10691113X+sp
1504,course-v1:ACCA+MA1_X+2017_T1
1505,course-v1:TsinghuaX+20120143X_tv+2015_T2
1506,course-v1:TJU+TJU2016001+2017_T2
1507,course-v1:TsinghuaX+00690863X_p1+sp
1508,course-v1:MITx+15_671_1X+2016_T2
1509,course-v1:ACCA+MA1_X+2017_T2
1510,course-v1:JNUX+07009156X_p1+sp
1511,course-v1:TsinghuaX+00670122+2017_T2
1512,course-v1:JSUX+2017011101X+2017_T1
1513,course-v1:TsinghuaX+80000822X+2017_T1
1514,course-v1:TsinghuaX+61030031X+2017_T2
1515,course-v1:TsinghuaX+00690212X-2+sp
1516,course-v1:HNU+GE01040+2017_T2
1517,course-v1:TsinghuaX+00460032X+2017_T1
1518,NCTU/DCT3082/2014_T2
1519,TsinghuaX/TSINGHUA101/_
1520,TsinghuaX/10421102X/2015_T1
1521,course-v1:TsinghuaX+00612642X+2016_TS
1522,course-v1:TsinghuaX+40050444X+sp
1523,course-v1:ZZU+2017041801X+2017_T2
1524,course-v1:XJTU+GNED101310+SP
1525,course-v1:TsinghuaX+00460032X+2017_T2
1526,course-v1:songshuhui+SSH001+_
1527,course-v1:TsinghuaX+00990021X+2017_T1
1528,course-v1:SCUT+145223+sp
1529,course-v1:TsinghuaX+00740043X_tv+2015_T1
1530,course-v1:McGillX+ATOC185x+2017_T2
1531,course-v1:CAU+08110140_2x+sp
1532,course-v1:TsinghuaX+20240103X+sp
1533,course-v1:TsinghuaX+00310222X+2017_T2
1534,course-v1:JNUX+jnu2017002+2017_T2
1535,course-v1:TsinghuaX+40670453X_p5+sp
1536,course-v1:SDUx+sd01020140+sp
1537,course-v1:FUDANx+ECON130088+2016_T2
1538,course-v1:TsinghuaX+00612642X_2015_2+2015_T2
1539,course-v1:TsinghuaX+02090091X+2016_T2
1540,course-v1:TsinghuaX+00690342X+2016_T2
1541,course-v1:TsinghuaX+80590952X+2017_T1
1542,course-v1:TsinghuaX+00690342X+2016_T1
1543,course-v1:TsinghuaX+80590952X+2017_T2
1544,course-v1:TsinghuaX+01030132X+2015_T3
1545,course-v1:TsinghuaX+01030132X+sp
1546,TsinghuaX/THU00022X/2015_T1
1547,course-v1:NJU+C1026+2016_T2
1548,course-v1:CIE+CIE2016004+2017_T1
1549,course-v1:BJTU+2017052601X+2017_T2
1550,course-v1:JNUX+jnu105590ma18X+sp
1551,course-v1:TsinghuaX+10450034_1X+2016T2
1552,course-v1:TsinghuaX+10450034_1X+sp
1553,course-v1:CIE+CIE2016004+2017_T2
1554,course-v1:FudanX+SOSC120007+sp
1555,course-v1:TsinghuaX+AP000002X+2016_T2
1556,course-v1:FUDANx+ECON1300812+2017_T2
1557,course-v1:NJUST+NJUST2017001+sp
1558,course-v1:HITx+13SC03100710_3x+2017_T1
1559,course-v1:TsinghuaX+70150023X_tv+2015_T1
1560,course-v1:TsinghuaX+10610183_2X+2016_T1
1561,course-v1:TsinghuaX+10610183_2X+2016_T2
1562,course-v1:SCU+00011142+2015_T2
1563,course-v1:Stanford+WomensHealth+2015_T2
1564,course-v1:FUDANx+ECON1300812+2016_T2
1565,course-v1:TsinghuaX+AP000002X+2016_T1
1566,course-v1:TsinghuaX+80515522X_p1+sp
1567,course-v1:NCTU+wym+2017_T1
1568,course-v1:BIT+BIT2016001+sp
1569,course-v1:TsinghuaX+10421102x_2015_T2+2015_T2
1570,course-v1:TJU+4240001+_
1571,course-v1:TsinghuaX+20740042X+2016_TS
1572,course-v1:UQx+Think101x+sp
1573,TsinghuaX/40050444X/2015_T2
1574,course-v1:TsinghuaX+40040152X_tv+2015_T1
1575,course-v1:NCTU+wym+2017_T2
1576,course-v1:TsinghuaX+00670122X+sp
